LIPID;Sample1;Sample2;Sample3;Sample4;Sample5;Sample6;Sample7;Sample8;Sample9;Sample10
32:0-PC;1647,6721284161;1329,2241970601;6795,0549011741;9616,8699251096;9790,1585729898;2473,7270221845;7116,2982901855;9633,6246142072;6655,8184079895;5586,2746500051
32:1-PC;318,6044757247;8783,6404799813;8429,5681703498;2286,4580605341;4274,6050216716;2905,9937832264;7520,9464890908;1442,5817142668;2727,648242461;4841,1697974128
32:2-PC;573,0843115164;9996,280924814;2103,210068389;2555,8608676089;3972,5396061386;3216,513833405;8191,3123537823;8987,1001572028;9441,1022363715;9376,7262813188
34:0-PC;6864,8437806732;5692,2142009489;3940,5457505305;1878,2113582774;6671,2443889038;3672,9960238346;5796,7807624486;5675,5563380334;4374,8607243747;4826,4028845739
34:1-PC;9154,5424276839;5478,7526608071;4392,073483504;8209,3838265812;9900,4732716356;2930,845778476;1742,1877763305;4824,6649788204;9687,6005276003;456,5305489266
34:2-PC;1958,5136508409;1955,3314954555;3202,1018488759;9934,7916339991;2726,3341166808;3777,7086711477;2842,8407603305;3603,995132646;7044,1812801115;5825,9477402298
34:3-PC;6514,5477034954;2893,7552060666;8674,4821475546;3919,4430455087;7167,1211281266;7909,1811752706;4518,425768554;9639,4782898679;5751,6712869496;2090,9212841474
34:4-PC;6848,5616928116;1077,2748380866;211,1275372891;5108,5005435414;4791,1235599924;5713,204885438;4841,179191825;3489,626211635;8814,7356494199;5835,3722272651
34:5-PC;8535,8437807924;7285,4707776296;5507,1805504509;8271,8522027108;3973,6828795713;6457,7767424425;2042,7676053244;7242,4636147434;8831,4490302919;9354,0161479396
36:0-PC;4040,6004536162;9432,8039421828;9853,1663165959;8406,526168203;7892,8513105885;8516,9696924912;4821,0365795872;3979,6933455553;6156,3111884948;4684,6506057412
36:1-PC;1091,1769519478;4155,6396480457;8102,2569731898;9451,1050332605;6220,9994553529;926,0008420813;6732,3164275899;2989,3397160117;2556,7620136333;5033,2116854182
36:2-PC;8047,1502946373;5822,2445126442;4908,6109497037;4796,0943348713;3612,0643978551;3362,9235068955;599,1806752686;3417,1111493196;4493,7600313771;1204,2392403458
36:3-PC;4999,2111140345;3319,2593209292;5214,8618859878;1625,8579199764;2959,1666603618;2335,8471917525;7233,7385766434;8160,0282730737;7227,0646247616;8417,8230262565
36:4-PC;4073,7638321039;1554,4379579987;8778,3513616393;4279,3166835866;1360,9064885168;8776,464355739;7342,8315000231;6197,5585401159;2225,5641463227;3124,8808247747
36:5-PC;2445,8851994128;909,5176027838;1194,1889183047;1415,4333107341;6035,9874414152;9623,9383928447;8594,1602698722;6822,9184507161;3947,5430372548;2126,6602384036
36:6-PC;1786,0885521151;7219,0393996713;4788,8301715684;7118,3660150652;3067,0374639057;410,5009677421;4385,9396051833;531,6487031879;2613,8295846379;9506,5210215811
38:1-PC;4798,1002176646;7539,7648255867;4720,5542556963;5208,9230884969;6513,2680365809;1492,160708796;7659,1650011633;9345,2468091317;962,3844185272;5915,5117340417
38:2-PC;6035,2699683363;5569,5305584495;3878,534087785;3249,4138492198;9677,4637189655;4784,9089426092;460,2244558637;4015,2512618517;1249,1940013451;2659,8323573735
38:3-PC;5736,0871618625;7463,3362832769;8785,7164870403;7829,605778462;7252,0073887073;6292,5073058482;4353,8074479029;3805,1239404684;6973,3511877852;4917,1394311653
38:4-PC;5071,6891259224;1393,1994744142;2462,5282965491;3602,3215174906;6858,4278580703;1152,5556882619;5147,6274581764;8832,8733863801;2619,545301047;9391,0061241276
38:5-PC;4139,5116691008;7011,7399490829;8968,2234476806;5557,7511286612;2626,172728141;5219,0059315459;5695,795232839;4841,4971961302;3266,0273406963;4869,1771852663
38:6-PC;8334,480017375;4446,522362617;3472,3546148342;8882,2350023753;9541,5834759194;3170,3401591987;8783,514202522;5599,9503703117;84,5670121415;7504,3219904029
40:1-PC;940,2199347046;1077,4631421294;5941,1860521865;5802,5771522142;3317,3853326588;2564,1099490433;8991,1119176259;4700,4620562947;4177,8408487023;7729,8398712937
40:2-PC;6054,6074645097;4156,9394838607;8588,507166;5293,9691776588;7824,4873947361;6943,1995569899;4937,6152827201;5379,1579162239;4921,994334516;9331,5739830337
40:4-PC;2667,0102564193;352,7864184218;3094,2784686201;122,5154087898;6693,7310887334;9665,911504147;7556,5920063326;9547,4040204177;93,3781556318;4123,0145302199
40:5-PC;6328,4953540164;3770,7663889193;4134,0659643288;7302,3204434212;5128,1363904138;583,4508266595;3168,0627252768;107,1524603784;9926,8827675409;5760,0143954208
40:6-PC;3884,9194575424;9603,6975796975;3166,7670433478;8573,7593981882;9519,971277011;8262,3832753581;3076,2247821178;6151,6024236429;1613,5615743838;8415,9908926812
42:1-PC;5349,8952356541;6168,5674356672;9650,3386668454;83,6449180715;483,4103819983;3171,8808094188;8057,6134291752;8562,167528544;7296,6488149509;4491,5469009654
42:2-PC;2460,7638556824;1612,7044059641;8149,9113475683;8533,1304382869;9748,9641963456;8424,9248314346;5391,6978003365;9839,5588712831;2219,8591080876;4579,2448256827
42:3-PC;6482,0199825958;7847,6353240187;8618,0571250532;1320,027688926;4135,1318370804;9432,1090913783;1321,1480034513;3901,3132946038;248,3468340728;925,8612751828
42:4-PC;8829,3085765305;1568,4119051024;4468,6396366104;4822,4128313965;298,4960135394;3678,1016820134;8146,8662036743;2477,9487448542;7517,5041492079;9892,0770559947
42:5-PC;8721,910787603;6364,4366159988;2316,8431598946;5134,7615307336;4293,6205555636;807,3704183306;5816,1020709617;91,6517537596;5917,8935494774;573,3027259753
44:5-PC;9300,2789241036;7872,103827985;6502,8212716914;8901,4480242542;9351,0017333249;9901,9305116837;1839,7824822117;9967,8649471273;3481,0674941798;1846,1906476036
16:0-LPC;1884,7276289336;5970,8976475445;3187,4555870403;659,8420281616;4612,5026969425;1724,1679213346;7236,2927002493;4389,2421372271;6824,7547869122;5256,895955258
16:1-LPC;5502,0350271312;5916,7598970825;7810,2558076437;2797,5685742569;3539,1955383703;7608,8585936082;6169,8267045863;1418,4122854206;809,3195318362;2252,394338319
18:0-LPC;5724,145552003;860,9475196259;4298,6346263422;3449,703537281;9100,4199362229;3278,643568245;6658,0232082544;8605,8128400248;4929,5328262948;7619,5448559024
18:1-LPC;8866,5706799929;7441,2918686675;7306,7291571323;2871,3874222198;5904,887853134;4016,7847254365;5893,8852812029;6778,1841262362;8261,1184391412;7439,5216237426
18:2-LPC;9378,2506378943;8363,5156025825;9445,9904273785;9019,8957968674;6965,5272369196;3249,4299122609;5559,0489517089;3360,618960101;7521,6582560125;3019,4200331965
18:3-LPC;5649,5166354711;7835,4581402854;5850,0880885945;1227,183780496;2675,4952172061;8164,9690986078;104,5874178997;5341,3550389964;6477,4095897576;325,4533799168
30:0-PLASMPC;404,0408492694;7183,6916576693;3682,1563009612;9743,9611756019;7587,8805600958;9365,1130766613;3252,7883045817;5991,9504162827;248,3262200936;7567,612390503
30:1-PLASMPC;7156,0805030797;2566,4339777617;7644,6313965965;3128,6131798046;8797,7054261566;5747,5789234645;3760,5945247455;3833,4622432251;2148,8840395619;5236,683961144
32:0-PLASMPC;616,9451388391;6228,3318365528;2642,5322699822;5088,710686641;2519,9913220769;8010,2455178633;4963,062061313;2473,0320960726;4608,5023202412;1386,318818492
32:1-PLASMPC;9583,2900963241;2262,0869190824;4499,5308499493;8203,2051718607;4462,8944390605;9075,6519731563;5123,9277222901;8908,7433313106;9027,4284741811;227,8815490828
34:0-PLASMPC;3210,4785121337;7575,0149479684;438,9093691304;5152,3465600377;7217,4732585224;7419,7059764667;4537,8544595158;9703,988309283;3827,0696814532;2967,2605893395
34:1-PLASMPC;5674,1996427809;5961,0322274407;2483,0796694199;4177,6883879227;2066,4724112359;9106,2408281767;4265,3889996484;1951,3273950408;6411,367601653;289,2773894031
34:2-PLASMPC;112,4543889848;4838,8169267951;905,1131081446;2998,8927651015;6581,8971182105;6364,6867511687;5706,0413100375;4733,1807432854;5832,3046958023;8815,3534762701
36:0-PLASMPC;7871,8013298848;440,7884804267;3022,8427947435;9714,8916398796;1444,537258363;4769,5006008282;4925,4109257928;4769,3472928036;7029,9674832253;5801,2255132467
36:1-PLASMPC;5467,1667821877;9426,3128646485;5229,8766546533;5248,5404121307;1026,314569049;4356,3788806239;2808,9530388678;3735,8906309434;4115,0328353191;8861,5211400537
36:2-PLASMPC;711,5771440404;1176,3182860983;6754,305623636;5716,8986459896;1765,164582376;3378,863314172;1322,4776495463;3192,7701094758;4138,7422187395;6701,2890699928
36:3-PLASMPC;2381,2496170877;9402,7505722697;8485,3406464172;7136,1405445399;5822,2208432593;4261,7478952504;1894,5859185507;2505,5836744134;4108,6822725342;2181,3913993833
36:4-PLASMPC;3486,1550991971;8275,1907197549;9134,788850957;9808,2212096762;2533,6609008311;2149,1461035;5656,974228798;6772,0060249235;3845,2516225472;9955,0484767712
38:0-PLASMPC;3779,8287277507;7263,0503438726;1603,7272164502;6862,8229906237;7029,1694575997;9035,7872124717;6909,8277738122;5790,2667368711;6684,2251283979;6454,8457399445
38:1-PLASMPC;4526,0119541519;7629,574449951;4641,2215530753;5092,1685499496;9956,8591328615;4467,7440166694;5854,664761822;3320,3333235799;2092,1772065017;6861,4959315916
38:2-PLASMPC;7458,4193246036;5828,4514748958;1075,431872123;4928,2844544382;2558,9088373204;1213,250871361;3286,9354627285;8089,1106449279;117,2344960562;7260,9860026517
38:3-PLASMPC;9684,2390779819;3194,0623548815;3048,0816530939;4841,1437419661;4337,7866722713;1337,1478894823;8618,6325835444;4519,7712566116;9126,0278785851;2664,6974478856
38:4-PLASMPC;1971,5605115675;6841,736263822;6977,3942776057;9431,2593903596;721,9449715844;5630,6145649516;5673,6200914934;3218,2820749507;4051,9154254195;5981,2710940802
34:1-PEA;8897,2571209358;5405,8178197278;1976,287815147;578,4158861428;2247,8307275277;5225,3337399285;2602,2901470381;40,9014270411;7833,0716096476;872,7284642703
34:2-PEA;3269,8592210673;7605,9477462715;9016,7490502457;3645,4013842809;9789,9127809045;9238,4915965807;6028,007419182;3254,6093063475;6694,5141794373;8861,605450472
34:3-PEA;6825,2134668828;7673,4798599971;3535,5111402254;2064,1358927179;951,3700082261;4295,8914388425;5387,6959009813;433,9957812608;771,1390422015;8026,5804216787
36:1-PEA;4062,4368346218;9125,6294372861;9456,8909922033;2195,076557793;7037,6561318585;1708,2700590543;7491,7193111645;8163,8678617902;6048,0217512324;8185,9337541558
36:2-PEA;8688,438904713;1889,0149530524;4070,9925887341;2946,0666541872;7319,303469272;4965,1161459073;3745,0911466578;7741,3476262678;2079,707996232;6750,5130769685
36:3-PEA;2888,9159062085;999,0480779187;521,503076623;2248,9810904475;6721,6448906137;8219,7551299134;7338,8685140457;662,2307494959;7649,4040744373;9226,8554840718
36:4-PEA;5283,2947700483;6396,5951513795;773,572690164;7282,0839032901;1164,6977987276;6106,1577865847;1510,6456624052;6599,8789180628;9054,2464956922;2407,1022155852
38:3-PEA;9527,6502446647;2289,6948837712;1910,3194181596;6418,0868207896;1711,4193833011;8113,9020458547;8972,9849467957;4861,1019383934;5820,9312131429;8642,2670095538
38:4-PEA;446,4916647024;5424,2064201632;1770,3671053685;1561,8168135609;4384,8703034898;9439,3611519334;2888,097323243;2821,0319608697;722,1864125391;6562,4476670312
38:5-PEA;7437,9982528286;2861,9104997684;2921,2274353765;4549,4911707556;22,34698791;4217,9730601345;5350,4734392437;9582,5170109034;3631,0194749663;1372,3927205079
38:6-PEA;1081,5530298113;2288,4771864741;6482,9360524785;9210,8748955508;4607,0162560749;7018,3291398075;5064,2485578783;6006,1019855409;7219,9658243597;8649,6495414036
16:0-LPEA;8100,6982640195;5508,3942975011;4109,4445364985;4824,5820752921;8263,74750841;4793,8831518824;9088,687203169;6000,2562023906;3285,5376065753;1097,8077292459
18:0-LPEA;4860,2708957376;1226,8588395088;1529,3259245754;4797,7458043837;9064,8440243859;9024,6320097574;3633,6799119171;4335,7116212483;4151,7122821438;9300,2490981728
18:1-LPEA;9515,8442674349;2722,5478585948;4404,2077726932;6671,3710647743;390,0097415208;419,9786452963;104,6883931839;2355,7576307341;7557,1152235789;7257,3521902936
18:2-LPEA;5061,8182902546;2986,0031442091;1169,2964063315;2115,4253251698;796,6714292524;2003,1319035469;1792,4448572899;3912,9297487841;1311,7456684993;4133,5156910538
34:2-PlasmEA;7130,5127105127;1523,1010926875;743,7084640275;3440,8893114177;3820,1293259407;8018,895182352;3415,8587645049;4060,0422771833;5037,9451528838;7969,285439959
34:3-PlasmEA;6606,6226602154;4343,4103597216;9617,1114754899;3204,9296208434;2453,2024396453;5248,6776280663;6655,2690022851;3099,660022756;4422,1550645107;7271,5293205761
36:2-PlasmEA;1275,9973118698;8600,7788286993;8796,1868477671;2881,0206894217;5290,1285169347;9343,8435089632;445,6523476533;8026,7824808085;268,4185805945;888,1033519387
36:3-PlasmEA;6494,8848318381;5279,2768763421;8598,8870046817;3624,9806011597;3803,1222159447;6876,3551470634;1840,4159690015;7122,1697382175;8046,8711160075;5506,6064170226
36:5-PlasmEA;5954,1256298145;1662,8634883039;7150,9152168232;8181,4331695459;266,8687041162;9470,3324782356;217,1254030359;1664,8059495673;3769,7585586001;3510,4525909631
36:6-PlasmEA;6729,6858203005;6288,4451159489;7078,6083729819;605,9011387914;8761,932385317;5309,445143742;7976,9663160801;9841,3290534458;2950,6040406159;1154,5596265439
38:5-PlasmEA;625,0095919771;4620,5712436852;1180,9843681327;9808,3534131504;3340,8613697144;7046,4325440622;7639,0157652524;8880,9565801252;5548,3339202358;644,8141354889
38:6-PlasmEA;4027,5697941574;4904,5141147431;1375,7423067273;5350,083015029;5487,8403039438;5827,2430754919;2038,0744725297;5204,9011555772;151,3889625581;1493,9960951137
38:7-PlasmEA;8089,7204921199;6326,7640731392;245,6486309047;3677,6228207263;4430,1632322488;9339,3897561908;1793,4524425602;3504,2573249286;6674,7391458743;5092,5008745719
40:5-PlasmEA;1385,3599733379;5743,0670771476;9379,106996188;9877,5050689921;565,389612583;452,5427081041;3227,0126209252;9577,9931785727;1887,0432772547;6437,7941713187
40:6-PlasmEA;5344,2603456027;3919,4967288881;1075,539800824;9912,3584740991;5539,0621282471;6620,4554564954;2705,317554287;6830,0191808141;4614,620007931;9922,0483145884
40:7-PlasmEA;4182,1247586022;9420,6912318971;2871,1956898081;5398,234518715;6126,7764926802;5214,8105984663;3385,5319268774;9899,517744809;7448,5208339222;385,3787415073
36:1-PS;7351,4876194086;1165,0776084109;8216,4641511078;5797,4657285002;301,4596954489;2335,8244478113;5125,2158707445;7895,7893171176;8045,2189122301;4047,7539635844
38:0-PS;8553,3881523011;1164,8957383462;3083,5055361866;2451,7905139446;9898,0803205108;7403,6276463181;4265,9038110995;2687,6953263553;2031,6119223076;9770,9763396994
38:1-PS;6728,5106398632;6360,4975902465;1854,7760853601;8051,1899060384;4078,401730847;4145,3487990621;2283,5594110464;2519,9753096335;2147,3740987269;7747,0836759811
38:2-PS;4448,8928774472;2798,8510441268;1207,1911363314;5621,4015802716;7062,197378873;5675,832448775;1756,7364970858;4660,4480005718;7395,0089184819;1067,2993094309
38:3-PSa;8154,4616463207;473,5314311151;1356,0868110246;2736,6898307739;3811,4757426839;418,9986145745;2821,2791285656;6311,9664005425;2713,2277046591;1613,3145826799
38:3-PSb;4466,9891168502;9357,9419986898;783,6249669116;7607,0581652181;4795,554163488;4532,5959111732;7976,243130314;3004,0432969391;8790,5700902645;8910,464613027
40:1-PS;8241,3796579594;384,6619991029;5493,0995121124;1909,5881969327;1296,7555675771;8792,839550843;4741,433205524;3152,3553451059;9490,3223485046;825,9789430063
40:2-PS;5930,6855901062;3648,5241798841;9338,3729943853;8456,4805203714;2912,398874572;3284,3428538771;1752,1867875215;2594,3201523432;9269,459615617;9443,8469630473
40:3-PS;1178,4559900003;6314,1369676897;6424,250659541;3878,2576134519;3093,6850964782;5518,839355468;7797,8073339053;7883,8807205767;2578,4122456671;9324,4596468573
40:5-PS;1989,1949341508;7205,3787801896;9987,2981348574;7467,0451667127;9440,4038795639;9029,5790277279;9798,8523347872;8659,207729927;2569,1132057284;910,7686607385
16:0-CE;7880,9523613802;7105,1930313266;3977,1422006574;6222,3001054383;68,1552935298;1525,11614758;5802,8950351003;6765,0109402892;4574,5091563416;3981,7379408619
16:1-CE;2962,7377085571;7465,6463778995;8841,3613893825;2440,8268082286;4035,1265329129;5491,4203182985;4120,7302081915;608,4795702976;6098,8691971109;9197,842826147
18:0-CE;8293,5567725816;8711,7434103974;7474,9324112974;5563,2155961329;2670,9160249018;8482,1274227877;774,2819728724;5479,9440082541;3054,3599183516;7902,2351144587
18:1-CE;4998,0269202456;2551,99106579;6599,3383265271;5475,2426636028;7421,5827097132;4051,1754088149;1138,5441390292;7215,5623824874;9715,5164985364;9061,0153618532
18:2-CE;4345,3618503798;1060,1452212642;125,7369417243;820,4244492024;7954,1156032026;4790,1066548056;8636,0363509702;6352,6538726989;9414,9223154594;4576,8469503684
18:3-CE;6292,9600188093;7312,0175715016;8609,4396485051;6893,0027160644;9079,0343817005;901,7475601748;1539,4037933192;5722,4573467547;7676,5420741577;7233,3323473085
20:0-CE;8249,4392474645;11,3054021344;553,9292011133;7926,82904208;4035,1576403925;536,7451124527;8341,6416890099;6143,2259027286;1388,6201977785;6702,1804133878
20:1-CE;3503,5596954417;9135,0104436232;2449,0309416222;4043,0254677931;544,2203957146;7999,8838264384;4354,07325325;7871,2712699186;4652,7671638017;8430,9287475763
20:2-CE;5792,7489855888;9472,3154991958;505,6710820429;5026,3541617066;7459,8870062124;1679,0771051416;2869,0421622925;6810,5615391498;1649,1652456786;9691,2118939373
20:3-CE;7813,3254783916;5995,3606591023;6057,4126571496;5497,0144338551;1529,8622895111;5157,2767230839;4732,7791645685;4096,6363978031;6804,2435671272;5379,1681692365
20:4-CE;8511,4076960714;8727,2423591819;585,7902155591;7074,6049760118;85,7596156633;9668,927548062;6096,255593061;9373,2728707271;9407,7750769123;4086,0422424677
20:5-CE;2002,1215376465;9701,9262703025;9087,7231757246;7084,8033475548;5747,0326547174;4811,4422485255;8571,2992248468;9655,1134310209;2929,9218832192;8673,7987862851
20:6-CE;9403,6249152477;1157,9669609958;7121,887952642;2210,7695336843;2321,1983491385;1837,8242096616;9099,1487620656;1128,960300111;3792,1236704175;1324,8910706486
22:1-CE;6662,4249216438;4338,9757358981;4564,9722044978;6060,9533506939;5499,5507428623;882,0741497272;3522,9767292684;1236,8217355473;5988,2390889852;3664,1600411484
22:2-CE;7839,5445699294;2140,1218242693;3053,0409078108;991,2097032431;3692,1238379204;4823,7556295227;4771,9587468926;2330,5236934237;2947,9054723236;909,3669467091
22:3-CE;9278,8103342401;238,8847184779;6931,6152763576;8883,1404686645;4482,6627918338;2504,00405322;2637,6135796114;4667,8355133653;7127,6028460189;2333,6733160076
22:4-CE;3253,075207089;4806,1834535536;688,7356747172;9572,5500338874;5337,799939433;5436,609312389;4797,5671696379;4232,7386797824;8610,6573608071;8024,5604656827
22:5-CE;8404,4631001235;1294,5778871395;8726,1446184643;5295,2009996374;6689,8016761346;3450,4225344747;9570,2960539858;9871,998758838;7697,6088924238;2217,74316007
22:6-CE;6846,5077767304;3533,2495415192;6129,4666019017;7674,5467774564;9369,52522379;3160,2452315207;5554,9788259249;8076,3253435899;818,7875129817;2883,1798635389
24:3-CE;477,0442658874;2230,6906289699;9154,6234610169;6182,466506648;1608,6249734246;1834,1155793756;9274,1405711732;1867,3034514281;3195,2074835682;7756,5533806624
24:4-CE;5194,966720578;3271,7822766113;2057,6959929636;1613,499383125;7068,1177468871;7711,9467349622;5607,9082171345;4386,0233799385;638,8137638336;9832,4181813616
24:5-CE;9222,484841306;5721,8255497115;8413,6221572498;8873,6899746683;3646,0464109129;9402,907646539;8666,2309236379;7075,0081172587;8934,3294845225;6871,4278276921
C48:0 TAG;9633,4220858046;1716,1997344311;7383,5221137899;1467,4572824272;8496,3474206139;4955,19220195;8815,222699816;160,4781379616;6068,4333767038;1733,8216624942
C48:1 TAG;4820,8491448165;8574,2951919725;634,4428591553;3227,5022695319;8540,9960620345;4397,761233773;8177,1340821891;7872,7543862701;9836,0938788045;621,849051787
C48:2 TAG;5577,1470551441;7006,5267482013;4207,5926289123;6861,2677968196;8102,621940088;9774,4402866916;652,6162868708;7432,2043240335;7167,9555632038;9944,9641432669
C48:3 TAG;7916,2357639138;9687,8927543714;8285,6406786569;5015,633682303;2053,3817276606;185,269791683;4332,2168789978;5023,5644455607;1572,9323189139;971,1495213556
C48:4 TAG;8472,2533311486;74,1326863946;461,3718923485;2582,7167589227;9940,257793817;8153,2301299558;9268,7160751583;5611,0762259279;1998,343447158;2767,7278780875
C48:5 TAG;4743,677685623;8141,2238075558;5094,6138216131;5930,6867739706;9575,9555108456;1879,9287478195;5327,5847342845;2189,6115406576;4055,9777737907;4544,8008607905
C48:6 TAG;8830,8979023609;1913,1566801541;7533,7427271521;3432,1279922653;1604,5248676426;110,6884818146;8088,9365742422;7742,6048467437;356,7892052434;3975,2369678555
C50:0 TAG;3924,2635497559;2565,5457078242;6683,6121633969;3737,9257270389;3757,0926270416;9402,7662683919;4788,5672284759;6164,396945678;9957,4866158649;1406,3406533417
C50:1 TAG;3906,8098643183;336,3662754042;1655,2724846019;3553,0439082211;4583,330962139;8381,7436195579;7677,6674752486;1936,1647949958;6211,314059413;7834,3344042962
C50:2 TAG;6131,5698720569;4033,6804515294;3142,9286565847;7041,0201275547;6089,3255183936;370,839023281;5368,5746650711;7780,9303078058;5472,0613230901;2853,0067901408
C50:3 TAG;7262,8425644017;7763,4899445796;3488,3915566161;6363,2306886591;3531,2428726777;5203,7881509506;5013,9419820261;2210,0522002898;5405,890535452;4011,6153158527
C50:4 TAG;4749,7764053479;329,4081457947;3514,0400203676;6766,9879211831;3739,3708159367;678,7447640501;2964,8174423447;9308,6403057717;8945,0697314954;2152,8094067451
C50:5 TAG;7035,2663036455;266,6961500396;3760,7403093455;786,6373514096;1594,3703430147;992,3527956542;827,606307652;6517,8014046873;7860,4569723359;7837,8988380415
C50:6 TAG;2906,9171015891;6413,6248027877;2381,6795066006;5144,0427886364;7303,9385335196;6911,545369933;8420,6755707436;9990,0645168108;2727,7231481758;4306,98492572
C52:0 TAG;1236,8878942509;2309,3812926674;8697,4951490446;929,800784093;7388,3378498392;2981,7761174259;4885,6663516033;85,3524283218;7795,8953150485;6359,7428944387
C52:1 TAG;4005,8069444449;9461,835288182;3486,1074874117;4631,0958176051;5563,3145465542;2694,2948990287;2133,2247442222;3524,463134948;9069,938939809;2123,0359561695
C52:2 TAG;2683,2290505439;8431,4531281413;2992,1606783795;8105,888099269;4416,8810592119;9159,9914438856;5833,0207400465;9706,6279581109;2586,5711526194;3340,7200468704
C52:3 TAG;1148,216713002;3469,1154066781;7317,48875348;7952,98907695;7220,8799459807;828,0064489975;3756,1433378005;3999,1500406204;7728,486538795;1116,6236950065
C52:4 TAG;9622,5044583514;5157,3471982654;9175,3846130315;6698,353664732;9820,6811047543;2505,5765992511;4067,8354780142;1654,9486540398;3868,9270543;6307,23848169
C52:5 TAG;1219,5479463386;6845,1507271183;4916,7354224179;6371,0593452122;9149,9585148876;7687,4687294268;3644,906159253;8343,4922880874;6112,6848135471;2452,1861970809
C52:6 TAG;2649,0602959467;6354,8162084138;6045,1989775282;5797,1371983656;931,400669769;8081,6786802731;3707,994006061;8642,5999682146;6143,2914933192;5641,1390230408
C54:0TAG;8924,227904233;9426,7700265712;8089,873204406;9581,2414597978;9782,7641156612;1168,2791821936;9189,1490937358;2437,1483055971;3258,0320169133;8969,4677294204
C54:1 TAG;4499,6762218099;3694,9336008959;1883,3307472068;5539,9988158312;4135,1740492994;7535,0227198334;7039,4396277392;8082,8843676186;4203,406778;849,3728196352
C54:2 TAG;5079,4376347423;4803,4372120641;7859,1736296989;2117,1931150466;7263,776864095;9816,7983070848;8871,1174212146;7440,1110146032;1352,2818352008;922,2924512549
C54:3 TAG;6199,8315255718;2050,2470122875;5200,1157118841;3102,5728583058;5161,4331927195;2291,0063987791;4788,065043923;8983,1955547709;905,5142838766;7559,7868227714
C54:4TAG;9740,3028102516;7354,2983664372;3424,660158609;9994,9050190523;656,2860782125;4696,9407940817;4934,1844318343;3033,3220777071;5662,7800445446;1271,7947104198
C54:5TAG;9270,8013288575;7113,8661786789;6804,7137655405;38,446628844;1,1187280414;5358,8622734692;9679,1903203312;434,4605096668;7853,5216816853;2274,9351711838
C54:6TAG;7837,8844368935;9136,7367385803;5199,3733683847;2235,6518316949;6921,6334810516;3457,8146041735;8140,7916207687;3010,8500473546;3349,7399579698;4576,6535664589
C54:7 TAG;1398,0300520097;9534,5314584577;8954,9807816608;8772,1400905223;3135,06207626;5932,5186258044;783,562232543;238,1090542128;609,7309588269;5223,2858644086
32:0-DAG;9105,5179964103;9421,7051640458;9101,1519987376;6390,8100998021;5831,9707576222;9171,1501483389;2947,3472467135;8511,533525386;3356,5368625344;5895,1433984418
32:1-DAG;4298,8295841731;8362,6078221145;2616,486459475;6640,9749882953;5322,7452220535;5958,9701166549;497,980574159;4363,1132800025;6162,5067082779;6261,6606107444
32:2-DAG;593,9261980544;2084,7361651867;9769,2571331979;3743,7818126168;2944,5029722302;5362,8896327207;7696,0506093141;8318,9125382412;9501,8929843621;5805,9752362025
32:3-DAG;7479,8259946111;4528,3773485267;8958,235832748;7643,446166011;8878,0252198475;2818,7745708537;9594,1586527835;9009,7218906549;3374,982384921;9110,6089847685
34:0-DAG;2628,7921253566;1747,9749465114;3526,2126257033;3466,2484638279;5255,5203155715;3817,7043336119;3435,1056700396;8835,5534208057;1636,4075056174;2522,314254449
34:1-DAG;7941,8598806063;7393,1915760594;6914,8979591155;8988,3063936888;2581,3291248206;6782,0967870846;943,1785184086;5073,9951368198;1468,6464923829;5742,3727860159
34:2-DAG;4568,7617718872;5556,6315142007;2851,2780594297;2292,1307195521;1140,2375318983;9784,15945882;6704,3097715014;8419,6056120115;6538,3019321154;6969,3685823341
34:3-DAG;6513,9326321062;3640,0697595847;2247,5475024354;6632,4390406584;9532,5596373904;732,2861845848;31,1131560173;4019,5852993778;7611,402265865;5197,0148788151
34:4-DAG;6543,2584367561;9600,0795590545;6810,0697641316;2939,0669267717;1218,2943161725;2899,084332254;3699,1527573348;3606,4980617597;9697,6862560599;3731,4274839966
36:0-DAG;9354,6917988753;1225,561602912;3518,3120297734;95,5389789608;6326,0440195393;446,670536706;2130,9866068748;6545,6530924836;1670,9018822293;6087,2609948432
36:1-DAG;2290,5579260252;8531,3992458939;7442,0186949527;6330,2669678641;7301,0062713902;2775,6034698783;659,051896985;1106,0041398224;6318,4446680966;9057,3959506664
36:2-DAG;2031,4225599925;350,2026097435;4253,966101224;5161,9517006641;8107,5391694638;5703,1284887235;1325,4071876584;8265,342617483;396,3277811228;232,4326344456
36:3-DAG;8492,0954226398;3016,9440088751;2370,1700854854;8361,9634387361;9317,0983784417;1288,2691604331;3522,9842109671;6685,5971632915;8593,2274846696;6331,2586882279
36:4-DAG;5395,7958689912;6285,3719937414;3323,9123745246;4264,129958488;7561,1713689232;3028,1097982309;1030,3009228912;4506,6723417201;9325,3663499307;3077,7960021095
36:5-DAG;1943,4573956083;2781,6525750476;858,7896889545;3815,6394157511;9952,9301023223;9227,6352562517;1189,3602874374;6553,4751652344;5714,9815348917;4614,3419009144
38:0-DAG;5602,1865328422;3762,7465844288;723,7547285077;578,0498674768;3426,6645844546;1072,813234812;3442,4721074525;6473,9889058092;3216,6012399381;1143,1598161233
38:1-DAG;8977,1409445008;2886,1483467565;7089,4146340148;1155,5089197099;6960,4411812705;5989,0254575612;6420,9735282373;658,2869103016;7424,3570389787;490,1856128555
38:2-DAG;4968,2403478138;4690,9288283873;344,7940849657;2900,6751134186;2209,5799168274;5789,5193405925;3137,4524371759;5504,9998483852;7009,3083770989;3527,373853965
38:3-DAG;6527,7000835892;1926,3494532939;152,441981146;768,5752316456;6481,6038056454;9879,7860333104;2699,1622651776;2622,3942503029;3778,7341187444;4708,2070463695
38:4-DAG;8784,388993151;8192,7329573716;8291,06680195;7387,6291991981;2646,8762440855;3619,5494584502;1608,9925485291;1386,5173234824;7652,519327462;1328,8131979184
C14Cer;8267,7754248664;8186,6882744684;8419,6564470971;9619,1519477896;4743,887281867;7087,8543589262;2230,3441758581;4075,9536183782;1316,8404417187;8384,2671856547
C16Cer;9035,8888149413;7444,0491307423;7103,1861822382;5330,7324001152;6840,7301539725;8874,3032153225;726,6310409862;1412,6546513105;757,9668250666;2029,026430197
C16:1Cer;3420,2605853688;6584,1530791392;5626,2736118974;6908,7708350805;5326,459324056;8142,5523055013;9826,9470649024;7716,1524178974;806,0359058146;7111,0738596335
C18Cer;4492,3552293563;4143,4463263923;750,1723735805;5292,2740096336;1833,4800528795;6409,0517210072;3422,6791037944;713,3936646252;8354,5133298236;2230,89895366
C18:1Cer;6473,4604476796;7046,8867618735;1345,1377879341;8289,846435021;8073,3998923433;676,1839263763;1810,5873633227;9949,4635660689;4860,5978384584;7808,2794866943
C20Cer;1979,461209569;6860,6355537835;4617,4800255532;8069,2063369333;5058,9587332764;7063,6105775054;1810,8886057368;5888,7091822888;4185,0721041556;7754,4055948796
C20:1Cer;2177,4964517847;6058,2147567319;6418,9662453077;4634,4841348102;8035,4625732425;1555,3729247843;7984,3795739457;6179,010143313;7235,0167274068;1777,8790071029
C22Cer;5872,8032469859;712,3509064411;9969,1729912038;6842,7244536987;274,9525462836;7458,2303575346;2545,2808953909;4480,723190729;8711,7545362229;3662,5388686092
C22:1Cer(a);6116,9804818359;52,500895676;919,6035140283;2491,4511568395;7621,937790691;134,5108789805;6426,7102861791;2155,7403274984;4059,9635178319;2099,040898301
C24Cer;1279,7519779614;9586,2759870636;3053,4373184185;6750,8351981378;4731,1593531085;1204,3034627367;182,7507335223;338,3022686504;3508,02276408;282,7555850698
C24:1Cer(a);7043,8418540361;9376,4272547716;371,4855826454;1279,560945054;4500,0503358575;3399,4409064538;3055,1197080765;1296,8921263624;867,6489284475;6685,1632188663
C24:2Cer;6021,6094353797;7540,6023414788;2511,2450790592;268,9949820916;3326,2175350349;1413,3037771818;5457,9906792029;2428,0764741273;565,5096944977;374,3593506275
C16dhCer;5776,5865442993;6352,0422723385;2449,0947769312;7547,6614530267;1892,0917713415;4903,8081196968;2039,1736699076;5553,6998170777;409,8457076862;4427,1383166398
C18dhCer;6842,6878953409;1534,2920398054;5652,419648506;3209,9261774155;9480,154721725;5151,0990601163;6086,6678995454;5219,9157261686;125,5900798573;3469,7089472332
C20dhCer;6058,2680075938;3002,9933931451;7102,1888776726;2412,6239109912;1962,583296055;8633,1665336798;2669,1718310855;9574,5186292594;2882,9584177802;2112,5421900948
C22dhCer;2423,8522215154;7322,1119135703;1298,7222430836;950,4133500828;8945,6587582525;3715,9041024964;9448,9426762176;6845,9167855698;2218,56143668;7147,571059588
C24dhCer;6280,2352565122;4684,2928031596;481,8051397129;4025,8975648159;3194,6653657573;7652,8182630341;5657,5120242594;7880,8714059599;1714,864077805;4906,3296193355
C24:1dhCer;7667,5422279076;8084,4220324117;2856,0171124369;3779,5908308149;6801,5945663702;5865,3344883112;1682,785065079;9105,7562125775;7592,4182775209;9791,4583531884
C14SM;5927,0635320986;9532,4072086251;1839,5870955519;6230,2395139141;4520,158127164;638,35539163;8353,7224207684;7155,531042322;2096,9009337504;888,0594281805
C14:1SM;3289,3450637591;1655,6297374167;3991,8746947387;3009,8415327873;7209,9343906175;93,8618535441;9937,1646611971;5893,6527433131;1875,899888697;2124,8772957744
C16SM;7265,7158543139;7134,7196079414;2995,7234117578;3288,0497039545;3003,100768825;9745,0724662403;1419,7957317079;4192,8657268678;9320,6810454722;5562,1543962174
C16:1SM;4358,6447952786;7529,270784707;679,2339982787;8262,1749772561;6270,395774334;84,519270952;2038,8348748871;6981,6991528208;2566,7555556626;9648,7916601038
C18SM;7409,5016436868;4969,5240003701;7336,4239772447;7440,2994401504;9861,2229658313;2996,4399192542;1828,3129847091;1629,9482060702;794,1246402934;9832,6290488292
C18:1SM;8170,8198919674;1737,7678706895;9277,83354453;9688,8423526609;8083,5574724123;8034,2102318916;4496,6309001457;9413,0831286138;7445,9023292501;1579,5703649449
C20SM;1463,4926458947;4720,1233198406;991,5740936613;4954,1100269001;4600,9118973818;1382,6798496708;4228,0467658442;8926,7285714744;1745,3480425336;8234,0024367711
C20:1SM;9076,0577312078;6612,6940831619;8730,0050327776;56,3067495041;6881,7468089075;4535,4320025728;6495,7754939439;1689,7169455452;2755,9639886941;168,9042841418
C22SM;6963,7514207561;169,0656577855;6118,8640611481;9093,8367527001;4961,2440821902;8053,940535456;8229,3987630568;530,4510610686;4721,8913222726;152,8935025299
C22:1aSM;1441,692500727;8073,4047027338;9055,2290036344;2754,4102932704;3845,9169660722;943,6534142999;5157,2706462539;5396,4084890443;7621,583247975;3021,9969213258
C24SM;7716,0043574913;2769,7816058288;3272,665166316;7813,5510121813;6681,7366013659;5759,7404239553;6512,9183876003;8498,3004734225;7160,1916724486;4679,5913337421
C24:1SM;2647,1559883976;6232,7305202886;3651,1927804168;1264,0314804902;1168,8049940484;5161,7710109902;8551,9205870718;8750,6510570355;6000,0552413727;3434,3140933217
C24:2SM;5841,466052886;4856,907989965;8977,7245356648;6755,687994249;2670,3425239178;8180,2359810361;2359,0391255039;948,0265748229;4098,8568365136;5241,7938192075
C24:3SM;2235,2396015749;7945,0438620241;9328,2487259068;1577,982750492;6840,6137970599;3067,0697091163;5409,4889164684;7188,6363342117;2981,3891541306;7037,3711105643
C14dhSM;9839,8829349289;8396,226242877;7378,1018587876;2676,9237150077;6633,9463752141;2628,3968603384;6160,2653870816;3303,104541276;3622,1320762558;2723,9617776309
C16dhSM;8433,7092650839;2282,4631650964;9318,5580429996;9843,2631009909;7474,830257568;4688,9160007254;1734,7336950263;8013,1468503846;6309,7861039929;7536,3426521899
C18dhSM;3952,0111542856;9526,6167569298;3315,700604287;2448,3716850842;9178,7880586526;5138,4369101096;1047,1387111775;3837,369381749;9919,3878725448;7175,8778959847
C20dhSM;8573,0761346847;1361,9061645171;6209,5624858091;8747,9917194338;6826,5410722188;8598,693833688;6696,3018598851;1000,5299106317;8922,5292814149;1396,5605489079
C22dhSM;9454,6934898757;8026,2612110625;9446,0517086357;2190,364681083;5312,3645387887;4680,8433745814;5957,6789981469;9408,8460070891;8779,9528653472;4720,572088124
C24dhSM;3903,3397370964;3714,6606077735;5621,5401153951;140,3323540378;6314,2918043875;4937,4403785966;7723,880362;3496,6026506089;2517,549629596;7500,2190273906
C14GCer;2732,9612928757;8103,142075021;9505,2527629933;6065,9490168485;2854,8858631144;6656,3138298137;7317,4858372063;4521,9220275956;410,6235025777;378,30080751
C16GCer;5877,819803025;7268,8829709115;3552,2185001379;350,45569455;6580,1340803331;604,67209785;6180,5728855532;4460,0188639497;4182,864603283;8279,1022150486
C18GCer;8123,1076632975;6234,557767826;2069,3122447318;7878,9418014735;1617,0788856504;666,6515793651;8002,1159952838;9410,6943066188;8277,7854016526;9556,9236427848
C20GCer;2943,3723197591;2911,5219286833;8790,2248771636;2385,4857145179;7772,1042563611;1633,2520173732;685,7194898313;4258,9007141871;4986,0494900594;7742,3269705608
C22GCer;2689,226685068;8232,9808788218;4038,1548494228;4114,7171363581;9481,7182380295;2422,5179563447;9579,399029071;6793,25207519;5627,8021627919;2885,2344412081
C24GCer;3843,1561047539;5436,362397049;2986,9699533811;1149,9704399538;7226,0184576282;7918,9314412935;4753,5496395093;3011,4372384109;5628,8825220016;8204,0678117259
C14LacGCer;911,3449588871;8410,3165748107;9279,0768181503;1257,3605284942;3494,5699620513;4019,3363604244;8962,0698300353;5581,472213289;903,8281808732;9371,3868903961
C16LacGCer;6081,6593947617;7064,1641062088;3031,9437972566;7319,1530643331;4830,3667529179;2544,3809360403;1280,778725535;5012,6753884532;6978,8163828661;4901,5191163432
C22LacCer;142,4310757914;2362,4435214203;8946,9612664959;3014,8335108805;3454,9897865576;1161,7042279911;1946,6588879083;8706,9289487416;8220,9849628459;1152,6067246673
C24LacCer;2093,9571482122;4007,1892122781;815,6981113894;5763,428604598;150,1882638232;3611,7699391599;7767,1709828621;7724,9366678199;7307,8130198929;2938,2053046758
C24:1aLacCer;7398,3191516824;8363,7358567952;391,5784884063;2675,589647509;8082,07451611;2642,2424032929;6630,0949668989;2215,482979088;5017,0651773529;2338,2004866478
